{"license":"MIT","file_hash":null,"name":"archi-lab.net","version":"2020.23.7","description":"Revit 2020.1 Dynamo 2.2 - Set of practical nodes by Konrad K Sobon | www.archi-lab.net | @arch_laboratory\r\n2020.22.1 Changes: \r\nUpdated to Dynamo 2.2 and Revit 2020. \r\n2019.2.27 Changes: \r\nAdded bunch of nodes around Tags. ","group":"archi-lab","keywords":["archi-lab","bad","monkeys"],"dependencies":[],"contents":"Add Revisions to Sheet - This node will add specified revisions to a sheet. , Add Shared Parameter to Project - This node will add a parameter to shared parameter file and then add it to the project. , Cell Style Settings - This node will generate a Cell Style Settings that can be used to override cell properties. , Change Family Type - Changes family type of a family by passing in an Element and type id of the type we want to change it to. , Clear List - This node will remove all Null and Empty Lists from any list. , Color Settings - This node creates color settings for the Analysis Visualization Framework. , Colored Surface Display Style - This node will generate a Colored Surface Display Style from inputs of points, values, and instance surface for analysis to be aplied to. Also, use color and legend settings (part of archi-lab package) to create style colors and visibility., Colored Surface Settings - This node creates settings for the colored surface display style of the Analysis Visualization Framework., Create Annotation Tag - This node will create an annotation tag at a given location, of given type and in a supplied view. If only single view is supplied then all tags will be created in that view. , Current Document - Retrieves Current Document, Curve.Level - This node will return a level that a given curve is located on. , Delete Linked Model Keynote Tags - Deletes all Keynote Tags that are tagging elements in the linked model. if element in the linked model has a keynote assigned thus a keynote tag reads a proper value it will not be deleted. , Delete Unnamed Reference Planes - Does just what the name says. , Dispatch - Works exactly like the Dispatch component in Grasshopper. Input a list and a matching pattern of True/False to split list into two lists one containing all True arguments while other all False arguments. , Door Set Handing - Determines door set handing (whether its a left or right handed door). Input takes doors, and output will split them into two lists (right and left)., Element Ids - This node will query an element id that can be used with Revit nodes. Dynamo Element Id node returns integer value. , Element.IsOfType - This nodes yields true or false, checking if input elements are of given Element Type., Elements Fom Linked File in Room - This node will check what elements from a linked model are inside of any of the rooms in the current model. , Elements in Room - This node will check if any of the elements are inside any of the supplied rooms. , Elements in Space - This node will take an input of Spaces and Elements and attempt to group all elements by Room that it is located in. For elements that are placed by Line and not a Point, a mid point of line will be used to determine location. , Elements on Sheet - This node will return elements on sheet., Export Image by View - This node will export a list of Views and save them as images (JPG, BMP etc)., FamilyInstance.FamilyType - This node will return a  Family Type of a given Family Instance. If no Family Type can be assigned to a Family then it will return Null. , FamilyInstance.TotalTransform - This node returns a Total Transform of a family instance., Fill Pattern - Get Fill Pattern by Name, Filled Region Area - This node will query an area from the filled region, Filled Region Boundary Curves - This node will get the boundary curves for a filled region., Floor.Area - This node return floor area. , FloorPlan.ByRoom - This node takes input of a Room and creates a Floor Plan View with Crop Box set around that room. , Get All Detail Groups - This node will retrieve all instances of Detail Groups in the model., Get All Dimension Styles - This node will query all of the available dimension styles (this includes linear as well as arc, circle etc). , Get All Elements From Linked Model - This node is based on code posted by Julien Benoit. Big thanks to Julien for sharing his work. This node will retrieve all elements of a given category from a given linked model. , Get All Keynote Tags - Selects all Keynote Tags instances in the model. , Get All Line Styles - This node will return all available line styles., Get All Revisions - This node will return all Revisions currently defined in the mode., Get All Viewport Types - This node will retrieve all Viewport Types currently in the model. , Get Built In Parameter - This node will take an input of a built in parameter name and element to return that parameters value. , Get Design Options - Queries all of the design options currently in the project., Get Filled Regions - This node will query up all Filled Regions in the project as well as those in the active view only. , Get Host Element - This node will retrieve a host element from hosted element. Ex. feed in door, get wall., Get Line Style by Name - This node will return a line style object by its name. Line styles can be either Drafting or Model Line Property. , Get Rooms by Level - Filters Rooms by level., Get Tagged Element Id - Retrives an Element Id from input of element tags. For example if wall tags are inputted it will return tagged wall Ids., Get Type Parameter - This node will retrieve a type parameter by its name., Get Unplaced Groups - This node will retrieve all unplaced groups in the model., Get Views from View Set - This node will take a name of a view set and return views/sheet elements contained in it. , Group Curves - This node will take any input of flat list of curves and group them into sublists containing \"joinable\" curves that is continous curves. They might form closed curves or open curves. Use PolyCurve.ByJoinedCurves to convert output groups of curves into single PolyCurves, Isolate in View - This node will take input of elements and a view to isolate selected elements in a view., Key Schedule - This node will take a key schedule, data and a list of parameters and populate it with infomation from data parameter. Visit www.archi-lab.net for more information on how to prep this node for take off. , Legend Settings - This node sets all settings for the Legend display with Analysis Visualization Framework of Revit. , Level.LevelAbove - This node takes an input of level and returns level above it. , Local Printers Names - This node will query all locally installed printers and return their names., Marker Settings - This node will generate AnalysisDisplayMarkerAndTextSettings to be used with a Marker Analysis Display Style. Inputs are: Marker Shape(Circle, Triangle, Rectangle), Marker Size, Show Text (Boolean), Rounding, TextDisplayMethod (Show All, Show None, Show Predefined). , Marker&Text Display Style - This node will take an input of Points and a matching input of values to create Analysis Display Style in Revit. Use Legend, Marker and Color Settings nodes to fully customize your display style. , Mass Addition - This node will attempt to sum all elements contained within it. , Material.ImportAllFromProject - This node will import (copy) all materials from specified project into current model. By default it will not override existing materials. , Material.MaterialAssetElement - This node retrieves a Material Asset Element from Material. If such is not defined it will return an Invalid Element Id (-1), Material.SetMaterialAssetByAssetId - This node will set the material asset by asset id. Please make sure that the two input lists match in length. , Material.SetMaterialAssetByMaterial - This node will copy a material asset element from source Material to a list of target materials. It esentially makes all materials inherit its Rendering Appearance. Useful for \"clay\" renderings. , New Section Box View By Elements - This node will create new section box around specified elements and apply it to a new 3D View with a specified name. Section box will be offset from the elements by a supplied offset values. , Override Fill Pattern in View - Overrides fill pattern of any element in an active view to specified fill pattern and color, PolyCurve by Profile Family Type - It takes an input of a profile family type and extract curves from it converting them to polycurves and curve segments for use in Dynamo (sweeps)., Print PDF - This node will allow you to initiate a printing routine in revit from a set of views/sheets, printer name, print settings and print range. , Remap UV Domain - This node takes an input of a reference face and a list of UVs that get remapped into that face's UV Domain. The output is a list of UV Coordinates in that surface's domain. , Remove Revision from Sheet - This node will remove specified Revisions from a sheet., Rename Files - This node will use an \"identifier\" to pick out files from a supplied directory to rename files to a new name supplied. Please make sure to match list lengths of identifier and new name inputs., Revision Properties - This node will return some most common Revision properties like Description or Issue Date., Room.Boundaries - This node returns all Room bounding curves and elements that generated them (walls, separation lines etc)., RoomBoundaries.CleanNulls - This node will take a set of room boundary curves and elements and remove nulls from element list while joining curves to mainatain matching list structure. , Rotate Family - This node will rotate a family in Revit around a given axis by supplied angle (in radians). Please remember that every time you run your definition it will rotate family by given angle every time. , Schedule Appearance - This node allows you to control the appearance of the schedule. For now it supports only title, header and body text type. , Schedule Formatting - This node will allow you to control schedule formatiing options like column width, whether a column is hidden, column heading etc. , Schedule Sorting Grouping - This node will allow you to specify sorting/grouping parameters in schedule as well parameters like sorting order, whether its a footer or header. Visit archi-lab.net for more information. , Schedule Title Appearance - This node will override the appearance of the title. , Select Model Lines by Style - This node will select all model lines in the revit project by a line style name. , Set BuiltIn Parameter - This node will take an input of a built in parameter name and set that parameter to given value for given elements. , Set Type Parameter - This node will set a type parameter for an element., StructuralFraming.BeamByCurve - This node will take an input of curves and attempt to make a structural framing member by type and level. , Tag Host Element - This node will retrieve an element that is hosting a given tag. , Tag Text - This node will retireve a text content of a tag. , TextNote.ByViewPointAndType - This node creates a unwrapped (single line) text note in a given view, at a given location with a given text note type style assigned. , Transform Origin - This node will query an element for its Transform (Coordinate System) and then return its Origin point. , Transform.ToPoint - This node takes a Transform and an input point that will be translated by the Transform. , View.HideElements - This node will hide elements in specified view., View.UnhideElements - This node will unhide specified elemeints in given views., Viewport Properties - This node will return certain properties from a Viewport input. , Wall.ExteriorDirection - This node returns exterior direction of the wall as a vector.","engine_version":"2.3.0.6270","engine":"dynamo","engine_metadata":"","site_url":"www.archi-lab.net","repository_url":"https://github.com/ksobon/archilab","contains_binaries":true,"node_libraries":["archilab, Version=2018.0.0.1, Culture=neutral, PublicKeyToken=null","archilabUI, Version=2018.0.0.1, Culture=neutral, PublicKeyToken=null","archilab, Version=2018.0.0.1, Culture=neutral, PublicKeyToken=null","archilabUI, Version=2018.0.0.1, Culture=neutral, PublicKeyToken=null"]}